<?xml version="1.0" encoding="UTF-8"?>
<beans xmlns="http://www.springframework.org/schema/beans"
       xmlns:xsi="http://www.w3.org/2001/XMLSchema-instance"
       xsi:schemaLocation="
http://www.springframework.org/schema/beans http://www.springframework.org/schema/beans/spring-beans-2.0.xsd
http://www.springframework.org/schema/util http://www.springframework.org/schema/util/spring-util-2.0.xsd">

<!-- 
	// NOTE: This is loaded globally for all spring application contexts to share.
 -->

	<bean id="DBCPGenericConnectionPool" class="org.apache.commons.pool.impl">
	</bean>
	
	<bean id="DBCPDataSource" class="org.apache.commons.dbcp.BasicDataSource"
	destroy-method="close">
		<!-- Items listed in comments are old server.properties name/value pairs-->
				
    	<property name="driverClassName" value="oracle.jdbc.driver.OracleDriver" />
<!-- 
     	<property name="url" value="jdbc:oracle:thin:@AXDEDRAC1.ingdirect.com:1555:DECSTD10" />
    	<property name="username" value="X_WEBGEN4" />
    	<property name="password" value="{pswd:AEELBxtVFiEEGg==}" />
-->    	
<!-- (temp-1S) override above -->    	
     	<property name="url" value="jdbc:oracle:thin:@axmnqora1.ingdirect.com:1552:MNCSTQA3" />
    	<property name="username" value="X_WEBGEN4" />
    	<property name="password" value="{pswd:dhwCBR1SAQYV}" />
<!-- (temp-1E) override above -->  
    	
    	
    	<!-- db.ora.minpool = 0 -->
    	<property name="minIdle" value="0"/>
    	
    	<!-- db.ora.maxpool = 20 -->
    	<property name="maxActive" value="20"/>
    	
    	<!-- db.ora.inactivityTimeout = 1200 -->
    	<property name="minEvictableIdleTimeMillis" value="1200"/>
    	
    	<!-- db.ora.timeout = 300 -->
    	<property name="maxWait" value="300"/>

    	
	</bean>
	
</beans>