String fullResponse = service.execute(transaction, request, requestOptions, responseOptions);

<?xml version="1.0" encoding="UTF-8"?><GatewayMessage messageType="response" responseType="error" transaction="unknown" xmlns="urn:gw-message-100" xmlns:xsi="http://www.w3.org/2001/XMLSchema-instance" xsi:schemaLocation="urn:gw-message-100 schema/gw-message-100.xsd">    <Requester>        <SystemID>unknown</SystemID>    </Requester>    <Gateway>        <SystemID>DGW</SystemID>        <Application>Direct Gateway</Application>        <IPAddress>10.152.82.57</IPAddress>    </Gateway>    <SendTime>2005-07-29T15:34:17.475-04:00</SendTime>    <Error>        <Message>Failed to unmarshall XML.</Message>        <Type>com.ingdirect.dg.xmlbind.XMLBindException</Type>        <Detail>com.ingdirect.dg.xmlbind.XMLBindException: Failed to unmarshall XML.&#13;	at com.ingdirect.dg.xmlbind.GatewayMessage.unmarshall(GatewayMessage.java:1052)&#13;	at com.ingdirect.dg.service.SimpleAbstractService.unmarshall(SimpleAbstractService.java:149)&#13;	at com.ingdirect.dg.service.AccountGetHolds.execute(AccountGetHolds.java:84)&#13;	at com.ingdirect.dg.service.ServiceDispatcher.handleClientRequest(ServiceDispatcher.java:252)&#13;	at com.ingdirect.dg.client.DirectGatewayClientVM.invokeAsyncImpl(DirectGatewayClientVM.java:49)&#13;	at com.ingdirect.dg.client.DirectGatewayClient.invokeImpl(DirectGatewayClient.java:115)&#13;	at com.ingdirect.dg.client.DirectGatewayClient.invoke(DirectGatewayClient.java:52)&#13;	at com.ingdirect.webtop.command.GetHolds.getHolds(GetHolds.java:141)&#13;	at com.ingdirect.webtop.command.GetHolds.output(GetHolds.java:79)&#13;	at com.ingdirect.webtop.command.AbstractWebtopCommand.output(AbstractWebtopCommand.java:99)&#13;	at com.ingdirect.unittest.DummyServlet.doGet(DummyServlet.java:155)&#13;	at com.ingdirect.webtop.command.CommandTest2.invokeDummyServlet(CommandTest2.java:66)&#13;	at com.ingdirect.webtop.command.HoldsTest.testHolds1(HoldsTest.java:12)&#13;	at sun.reflect.NativeMethodAccessorImpl.invoke0(Native Method)&#13;	at sun.reflect.NativeMethodAccessorImpl.invoke(NativeMethodAccessorImpl.java:39)&#13;	at sun.reflect.DelegatingMethodAccessorImpl.invoke(DelegatingMethodAccessorImpl.java:25)&#13;	at java.lang.reflect.Method.invoke(Method.java:324)&#13;	at junit.framework.TestCase.runTest(TestCase.java:154)&#13;	at junit.framework.TestCase.runBare(TestCase.java:127)&#13;	at junit.framework.TestResult$1.protect(TestResult.java:106)&#13;	at junit.framework.TestResult.runProtected(TestResult.java:124)&#13;	at junit.framework.TestResult.run(TestResult.java:109)&#13;	at junit.framework.TestCase.run(TestCase.java:118)&#13;	at junit.framework.TestSuite.runTest(TestSuite.java:208)&#13;	at junit.framework.TestSuite.run(TestSuite.java:203)&#13;	at junit.textui.TestRunner.doRun(TestRunner.java:116)&#13;	at com.intellij.rt.execution.junit2.IdeaJUnitAgent.doRun(IdeaJUnitAgent.java:57)&#13;	at junit.textui.TestRunner.start(TestRunner.java:172)&#13;	at com.intellij.rt.execution.junit.TextTestRunner2.startRunnerWithArgs(TextTestRunner2.java:23)&#13;	at com.intellij.rt.execution.junit2.JUnitStarter.prepareStreamsAndStart(JUnitStarter.java:97)&#13;	at com.intellij.rt.execution.junit2.JUnitStarter.main(JUnitStarter.java:31)&#13;Caused by: org.xml.sax.SAXParseException: The prefix "urn" for element "urn:gw-account-100" is not bound.&#13;	at org.apache.xerces.parsers.DOMParser.parse(Unknown Source)&#13;	at org.apache.xerces.jaxp.DocumentBuilderImpl.parse(Unknown Source)&#13;	at com.ingdirect.dg.xmlbind.GatewayMessage.unmarshall(GatewayMessage.java:992)&#13;	... 30 more&#13;[** Embedded Cause **]&#13;org.xml.sax.SAXParseException: The prefix "urn" for element "urn:gw-account-100" is not bound.&#13;	at org.apache.xerces.parsers.DOMParser.parse(Unknown Source)&#13;	at org.apache.xerces.jaxp.DocumentBuilderImpl.parse(Unknown Source)&#13;	at com.ingdirect.dg.xmlbind.GatewayMessage.unmarshall(GatewayMessage.java:992)&#13;	at com.ingdirect.dg.service.SimpleAbstractService.unmarshall(SimpleAbstractService.java:149)&#13;	at com.ingdirect.dg.service.AccountGetHolds.execute(AccountGetHolds.java:84)&#13;	at com.ingdirect.dg.service.ServiceDispatcher.handleClientRequest(ServiceDispatcher.java:252)&#13;	at com.ingdirect.dg.client.DirectGatewayClientVM.invokeAsyncImpl(DirectGatewayClientVM.java:49)&#13;	at com.ingdirect.dg.client.DirectGatewayClient.invokeImpl(DirectGatewayClient.java:115)&#13;	at com.ingdirect.dg.client.DirectGatewayClient.invoke(DirectGatewayClient.java:52)&#13;	at com.ingdirect.webtop.command.GetHolds.getHolds(GetHolds.java:141)&#13;	at com.ingdirect.webtop.command.GetHolds.output(GetHolds.java:79)&#13;	at com.ingdirect.webtop.command.AbstractWebtopCommand.output(AbstractWebtopCommand.java:99)&#13;	at com.ingdirect.unittest.DummyServlet.doGet(DummyServlet.java:155)&#13;	at com.ingdirect.webtop.command.CommandTest2.invokeDummyServlet(CommandTest2.java:66)&#13;	at com.ingdirect.webtop.command.HoldsTest.testHolds1(HoldsTest.java:12)&#13;	at sun.reflect.NativeMethodAccessorImpl.invoke0(Native Method)&#13;	at sun.reflect.NativeMethodAccessorImpl.invoke(NativeMethodAccessorImpl.java:39)&#13;	at sun.reflect.DelegatingMethodAccessorImpl.invoke(DelegatingMethodAccessorImpl.java:25)&#13;	at java.lang.reflect.Method.invoke(Method.java:324)&#13;	at junit.framework.TestCase.runTest(TestCase.java:154)&#13;	at junit.framework.TestCase.runBare(TestCase.java:127)&#13;	at junit.framework.TestResult$1.protect(TestResult.java:106)&#13;	at junit.framework.TestResult.runProtected(TestResult.java:124)&#13;	at junit.framework.TestResult.run(TestResult.java:109)&#13;	at junit.framework.TestCase.run(TestCase.java:118)&#13;	at junit.framework.TestSuite.runTest(TestSuite.java:208)&#13;	at junit.framework.TestSuite.run(TestSuite.java:203)&#13;	at junit.textui.TestRunner.doRun(TestRunner.java:116)&#13;	at com.intellij.rt.execution.junit2.IdeaJUnitAgent.doRun(IdeaJUnitAgent.java:57)&#13;	at junit.textui.TestRunner.start(TestRunner.java:172)&#13;	at com.intellij.rt.execution.junit.TextTestRunner2.startRunnerWithArgs(TextTestRunner2.java:23)&#13;	at com.intellij.rt.execution.junit2.JUnitStarter.prepareStreamsAndStart(JUnitStarter.java:97)&#13;	at com.intellij.rt.execution.junit2.JUnitStarter.main(JUnitStarter.java:31)</Detail>    </Error></GatewayMessage>
xxxxxxxxxxxxxxxxxxxxxxxxxxxxxxxxxxxxxxxxxxxxxxxxxxxxxxxxxxxxxxxxxxxxxxxxxxxxxxxxxxxxxxxxxxxxxxxxxx
xxxxxxxxxxxxxxxxxxxxxxxxxxxxxxxxxxxxxxxxxxxxxxxxxxxxxxxxxxxxxxxxxxxxxxxxxxxxxxxxxxxxxxxxxxxxxxxxxx
DummySession
    load(req, sessionName)
       sessionName = unittest_data/holds_1
       doc = parse({sessionName}.session)
       
       initWebtopSession(webtopSession, doc, req)
          In DummySession line 108 establish document