<Session>
  <System></System>
  <User>
    <Summary xsi:schemaLocation="urn:gw-user-100 schema/gw-user-100.xsd">
      <UserID>webtop1</UserID>
      <UserDomain>ingdedev.com</UserDomain>
      <LastName>SassyTest</LastName>
      <FirstName>SA-1</FirstName>
      <Operator>webtop1</Operator>
      <TelephoneId>5193</TelephoneId>
      <ApplicationRoles>
        <Role>PersonalWorkGroup</Role>
        <Role>CorresVI</Role>
        <Role>LoanCreate</Role>
        <Role>LoanUVModifyAddress</Role>
        <Role>CustService</Role>
        <Role>CustModName</Role>
        <Role>CustModEmail</Role>
        <Role>AccessDormantAccounts</Role>
        <Role>AccountModify</Role>
        <Role>ObjView</Role>
        <Role>EditMutualFunds</Role>
        <Role>ViewRates</Role>
        <Role>WebtopSysAdmin</Role>
        <Role>WebtopUser</Role>
        <Role>LoanView</Role>
        <Role>CorresMU</Role>
        <Role>CallOpenVisitor</Role>
        <Role>ObjCreditView</Role>
        <Role>CustBrowseOpen</Role>
        <Role>AreaUpdate</Role>
        <Role>CustModPhone</Role>
        <Role>CorresOP</Role>
        <Role>CreateAccount</Role>
        <Role>TransferFunds</Role>
        <Role>CustModLang</Role>
        <Role>CustInfoView</Role>
        <Role>LoanUVModifySSN</Role>
        <Role>CustLookup</Role>
        <Role>ProcessCommit</Role>
        <Role>CustModAddress</Role>
        <Role>CustBrowse</Role>
        <Role>ObjLosView</Role>
        <Role>WorkOpenAny</Role>
        <Role>CustModDOB</Role>
        <Role>UserLendViewMgrReview</Role>
        <Role>LodtView</Role>
        <Role>LoanUVOpen</Role>
        <Role>UserLendModQualityReview</Role>
        <Role>WithdrawDormantAccount</Role>
        <Role>WorkOpenFree</Role>
        <Role>PhoneLogin</Role>
        <Role>UserLendViewQualityReview</Role>
        <Role>CustModSSN</Role>
        <Role>CustModMarital</Role>
        <Role>WebtopSetTrace</Role>
        <Role>LoanUVModify</Role>
        <Role>CustSmartSell</Role>
        <Role>CustModGender</Role>
        <Role>UserLendViewLimits</Role>
        <Role>LoanUVModifyName</Role>
        <Role>UserLendList</Role>
        <Role>CreateRiskReviewWork</Role>
        <Role>CustModLicense</Role>
        <Role>UserLendModLimits</Role>
        <Role>CallOpenAny</Role>
        <Role>CustView</Role>
        <Role>CustModStatus</Role>
        <Role>WebtopSysView</Role>
        <Role>AreaView</Role>
        <Role>EditRates</Role>
        <Role>DepositDormantAccount</Role>
        <Role>UserLendModMgrReview</Role>
        <Role>EmployeeOpen</Role>
        <Role>GrantFreeBonus</Role>
        <Role>CustCreate</Role>
        <Role>CustTransferEftSameDay</Role>
      </ApplicationRoles> 
      <WorkGroups>
        <WorkGroupId self="true" workGroupType="operator">webtop1</WorkGroupId>
        <WorkGroupId managed="false" workGroupType="shared">181</WorkGroupId>
        <WorkGroupId managed="false" workGroupType="shared">101</WorkGroupId>
      </WorkGroups> 
    </Summary> 
    <WorkGroupDescs xsi:schemaLocation="urn:gw-work-100 schema/gw-work-100.xsd">
      <WorkGroupDesc>
        <WorkGroupId detailLevel="3" self="true" workGroupType="operator">webtop1</WorkGroupId>
        <WorkGroupName>SA-1 SassyTest</WorkGroupName>
        <WorkItemCount>2</WorkItemCount>
        <WorkGroupUsage>random</WorkGroupUsage>
        <OldestItem>2003-03-31T00:00:00.000-05:00</OldestItem>
        <NextScheduledItem>2003-03-31T00:00:00.000-05:00</NextScheduledItem>
        <WorkItemDesc>
          <WorkItemId>6</WorkItemId>
          <WorkType>8</WorkType>
          <WorkTypeDesc>Inbound call</WorkTypeDesc>
          <Created>2003-03-31T00:00:00.000-05:00</Created>
          <Scheduled>2003-03-31T00:00:00.000-05:00</Scheduled>
          <Cif>12281</Cif>
          <LastAssigned>2003-06-06T12:51:31.000-04:00</LastAssigned>
          <LastAssignedBy>webtop1</LastAssignedBy>
        </WorkItemDesc> 
        <WorkItemDesc>
          <WorkItemId>69</WorkItemId>
          <WorkType>36</WorkType>
          <WorkTypeDesc>Stars & Gripes follow-up</WorkTypeDesc>
          <Created>2003-06-13T11:44:12.000-04:00</Created>
          <Cif>12281</Cif>
          <LastAssigned>2003-06-13T11:44:53.000-04:00</LastAssigned>
          <LastAssignedBy>webtop1</LastAssignedBy>
        </WorkItemDesc> 
      </WorkGroupDesc> 
      <WorkGroupDesc>
        <WorkGroupId detailLevel="0" managed="false" workGroupType="shared">181</WorkGroupId>
        <WorkGroupName>Delaware Sales Associates</WorkGroupName>
        <WorkItemCount>0</WorkItemCount>
        <WorkGroupUsage>sequential</WorkGroupUsage>
      </WorkGroupDesc> 
      <WorkGroupDesc>
        <WorkGroupId detailLevel="0" managed="false" workGroupType="shared">101</WorkGroupId>
        <WorkGroupName>Team Luskin</WorkGroupName>
        <WorkItemCount>0</WorkItemCount>
        <WorkGroupUsage>sequential</WorkGroupUsage>
      </WorkGroupDesc> 
    </WorkGroupDescs> 
  </User> 
  <ScratchPads>
    <Active>
      <workType>n</workType>
      <cif>11001</cif>
    </Active> 
    <Lookup>
      <userId>11001</userId>
      <SearchedAtLeastOnce>true</SearchedAtLeastOnce>
    </Lookup> 
    <Summary></Summary>
  </ScratchPads> 
  <CustomerList>
    <Summaries incompleteResults="false" xsi:schemaLocation="urn:gw-customer-100 schema/gw-customer-100.xsd">
      <Summary>
        <CIF>11001</CIF>
        <Status>customer</Status>
        <UserID>11001</UserID>
        <Name>
          <LastName>Tradeline</LastName>
          <FirstName>Terry</FirstName>
          <MiddleName>A</MiddleName>
        </Name> 
        <Address>
          <Address1>77 Palace Ct</Address1>
          <Town>Castle Hayne</Town>
          <Region>NC</Region>
          <PostalCode>28429</PostalCode>
          <Country>US</Country>
        </Address> 
        <Telephone>
          <PhoneNumber>1112220001</PhoneNumber>
          <CountryCode>1</CountryCode>
        </Telephone> 
        <Email>mrouse@ingqa.com</Email>
        <ExternalId type="US-SSN">000490823</ExternalId>
        <DateOfBirth>1970-11-11</DateOfBirth>
        <PrefLang>en-US</PrefLang>
        <CustomerSince>2001-11-11</CustomerSince>
      </Summary> 
    </Summaries> 
  </CustomerList> 
  <Customer cif="11001">
    <Summary>
      <CIF>11001</CIF>
      <Status>customer</Status>
      <UserID>11001</UserID>
      <Name>
        <LastName>Tradeline</LastName>
        <FirstName>Terry</FirstName>
        <MiddleName>A</MiddleName>
      </Name> 
      <Address>
        <Address1>77 Palace Ct</Address1>
        <Town>Castle Hayne</Town>
        <Region>NC</Region>
        <PostalCode>28429</PostalCode>
        <Country>US</Country>
      </Address> 
      <Telephone>
        <PhoneNumber>1112220001</PhoneNumber>
        <CountryCode>1</CountryCode>
      </Telephone> 
      <Email>mrouse@ingqa.com</Email>
      <ExternalId type="US-SSN">000490823</ExternalId>
      <DateOfBirth>1970-11-11</DateOfBirth>
      <PrefLang>en-US</PrefLang>
      <CustomerSince>2001-11-11</CustomerSince>
    </Summary> 
    <Detail xsi:schemaLocation="urn:gw-customer-100 schema/gw-customer-100.xsd">
      <CIF>11001</CIF>
      <DetailLevel>3</DetailLevel>
      <Status>customer</Status>
      <UserID>11001</UserID>
      <Name xsi:schemaLocation="urn:gw-customer-100 schema/gw-customer-100.xsd">
        <LastName>Tradeline</LastName>
        <FirstName>Terry</FirstName>
        <MiddleName>Arthur</MiddleName>
      </Name> 
      <ExternalId type="US-SSN">000490823</ExternalId>
      <ExternalId endDate="2011-11-11" type="US-Driver">DEDL001</ExternalId>
      <DateOfBirth>1970-11-11</DateOfBirth>
      <Gender>male</Gender>
      <MaritalStatus>married</MaritalStatus>
      <CustomerSince>2001-11-11</CustomerSince>
      <CustElections>
        <ElectronicStatements>false</ElectronicStatements>
        <ShareData>none</ShareData>
        <AcceptedEDDN>false</AcceptedEDDN>
      </CustElections> 
      <TaxStatus>ok</TaxStatus>
      <SecurityStatus>
        <LockedOut>false</LockedOut>
        <PinOk>false</PinOk>
        <SecurityQuestionOk>false</SecurityQuestionOk>
        <PinStatus>notActivated</PinStatus>
      </SecurityStatus> 
      <RelatedCustomer>
        <Cif>21319411</Cif>
        <CustRelationship lang="en-US" ref="P">Parent / Guardian</CustRelationship>
        <Name xsi:schemaLocation="urn:gw-customer-100 schema/gw-customer-100.xsd">
          <LastName>Testco</LastName>
          <FirstName>Alice</FirstName>
        </Name> 
        <Status>customer</Status>
        <DateOfBirth>1970-01-01</DateOfBirth>
      </RelatedCustomer> 
      <RelatedCustomer>
        <Cif>11002</Cif>
        <CustRelationship lang="en-US" ref="U">Unknown</CustRelationship>
        <Name xsi:schemaLocation="urn:gw-customer-100 schema/gw-customer-100.xsd">
          <LastName>Homeloan</LastName>
          <FirstName>Hanna</FirstName>
          <MiddleName>B</MiddleName>
        </Name> 
        <Status>customer</Status>
        <JointAccountHolder>true</JointAccountHolder>
        <DateOfBirth>1933-04-05</DateOfBirth>
      </RelatedCustomer> 
      <Address referenceId="A2060984" relationship="mail">
        <Address1>2 Address1</Address1>
        <Address2>2 Address2</Address2>
        <Town>Wilmeengton</Town>
        <Region>DA</Region>
        <PostalCode>198082222</PostalCode>
        <Country>US</Country>
      </Address> 
      <Address referenceId="A2060983" relationship="home">
        <Address1>77 Palace Ct</Address1>
        <Town>Castle Hayne</Town>
        <Region>NC</Region>
        <PostalCode>28429</PostalCode>
        <Country>US</Country>
      </Address> 
      <Telephone referenceId="2142259" relationship="home" type="V">
        <PhoneNumber>1112220001</PhoneNumber>
        <CountryCode>1</CountryCode>
      </Telephone> 
      <Telephone referenceId="2142260" relationship="work" type="V">
        <PhoneNumber>1112220002</PhoneNumber>
        <Extension>1111</Extension>
        <CountryCode>1</CountryCode>
      </Telephone> 
      <Telephone referenceId="2142261" relationship="work" type="F">
        <PhoneNumber>1112220003</PhoneNumber>
        <Extension>1111</Extension>
        <CountryCode>1</CountryCode>
      </Telephone> 
      <Email referenceId="NO_REF_ID" relationship="unknown">mrouse@ingqa.com</Email>
      <HasOpenCompl>true</HasOpenCompl>
      <MutualFundStatus>nonprospect</MutualFundStatus>
    </Detail> 
    <Summaries xsi:schemaLocation="urn:gw-account-100 schema/gw-account-100.xsd">
      <Summary>
        <DetailLevel>3</DetailLevel>
        <AccountNo>2053596</AccountNo>
        <Type>7100</Type>
        <TypeGroup>MTG</TypeGroup>
        <TypeClass>loan</TypeClass>
        <NickName>Lily Munster</NickName>
        <CostCenter>0</CostCenter>
        <Status>open</Status>
        <RateType>variable</RateType>
        <Revolving>true</Revolving>
        <Balance>
          <BalanceType>ACR</BalanceType>
          <Amount currency="USD">0.1507</Amount>
        </Balance> 
        <Balance>
          <BalanceType>AVAIL</BalanceType>
          <BalanceDisplayGroup>available</BalanceDisplayGroup>
          <Amount currency="USD">29900</Amount>
        </Balance> 
        <Balance>
          <BalanceType>BAL</BalanceType>
          <BalanceDisplayGroup>balance</BalanceDisplayGroup>
          <Amount currency="USD">100</Amount>
        </Balance> 
        <Balance>
          <BalanceType>CRLMT</BalanceType>
          <Amount currency="USD">30000</Amount>
        </Balance> 
        <Balance>
          <BalanceType>DUIN2</BalanceType>
          <Amount currency="USD">0</Amount>
        </Balance> 
        <Balance>
          <BalanceType>IPL</BalanceType>
          <Amount currency="USD">0</Amount>
        </Balance> 
        <Balance>
          <BalanceType>IPY</BalanceType>
          <Amount currency="USD">0</Amount>
        </Balance> 
        <Balance>
          <BalanceType>IYTD</BalanceType>
          <Amount currency="USD">0</Amount>
        </Balance> 
        <Balance>
          <BalanceType>LCHG</BalanceType>
          <Amount currency="USD">0</Amount>
        </Balance> 
        <Balance>
          <BalanceType>PMT</BalanceType>
          <Amount currency="USD">0</Amount>
        </Balance> 
        <Balance>
          <BalanceType>PMTBL</BalanceType>
          <Amount currency="USD">0</Amount>
        </Balance> 
        <Balance>
          <BalanceType>PMTDUE</BalanceType>
          <Amount currency="USD">0</Amount>
        </Balance> 
        <Balance>
          <BalanceType>PMTORG</BalanceType>
          <Amount currency="USD">0</Amount>
        </Balance> 
        <Balance>
          <BalanceType>POAMT</BalanceType>
          <Amount currency="USD">0</Amount>
        </Balance> 
        <Balance>
          <BalanceType>PPA</BalanceType>
          <Amount currency="USD">0</Amount>
        </Balance> 
        <Balance>
          <BalanceType>SCHBAL</BalanceType>
          <Amount currency="USD">100</Amount>
        </Balance> 
        <Balance>
          <BalanceType>TDR</BalanceType>
          <Amount currency="USD">100</Amount>
        </Balance> 
        <Balance>
          <BalanceType>UDBAL</BalanceType>
          <Amount currency="USD">29900</Amount>
        </Balance> 
        <Cust>
          <Cif>11001</Cif>
          <Role>1</Role>
          <Name>Lily Munster</Name>
        </Cust> 
        <Interest>
          <Desc>IRN</Desc>
          <Rate>5</Rate>
        </Interest> 
        <Interest>
          <Desc>IRO</Desc>
          <Rate>5</Rate>
        </Interest> 
        <Interest>
          <Desc>SPR</Desc>
          <Rate>0.5</Rate>
        </Interest> 
        <Event>
          <Desc lang="en-US">DFP</Desc>
          <Date>2003-05-17</Date>
        </Event> 
        <Event>
          <Desc lang="en-US">DIST1LD</Desc>
          <Date>2003-04-17</Date>
        </Event> 
        <Event>
          <Desc lang="en-US">DIST1ND</Desc>
          <Date>2003-05-17</Date>
        </Event> 
        <Event>
          <Desc lang="en-US">LPDT</Desc>
          <Date>2005-08-10</Date>
        </Event> 
        <Event>
          <Desc lang="en-US">MDT</Desc>
          <Date>2013-04-17</Date>
        </Event> 
        <Event>
          <Desc lang="en-US">ODD</Desc>
          <Date>2003-04-13</Date>
        </Event> 
        <Event>
          <Desc lang="en-US">ODT</Desc>
          <Date>2003-04-03</Date>
        </Event> 
        <Event>
          <Desc lang="en-US">SCHND</Desc>
          <Date>2003-05-17</Date>
        </Event> 
      </Summary> 
      <Summary>
        <DetailLevel>3</DetailLevel>
        <AccountNo>123458751</AccountNo>
        <Type>3000</Type>
        <TypeGroup>SAV</TypeGroup>
        <TypeClass>deposit</TypeClass>
        <NickName>Lily Munster</NickName>
        <CostCenter>0</CostCenter>
        <Status>open</Status>
        <Balance>
          <BalanceType>ACR</BalanceType>
          <Amount currency="USD">0.01342</Amount>
        </Balance> 
        <Balance>
          <BalanceType>AVAIL</BalanceType>
          <BalanceDisplayGroup>available</BalanceDisplayGroup>
          <Amount currency="USD">20</Amount>
        </Balance> 
        <Balance>
          <BalanceType>BAL</BalanceType>
          <BalanceDisplayGroup>balance</BalanceDisplayGroup>
          <Amount currency="USD">20</Amount>
        </Balance> 
        <Balance>
          <BalanceType>HOLD</BalanceType>
          <Amount currency="USD">0</Amount>
        </Balance> 
        <Balance>
          <BalanceType>IPY</BalanceType>
          <Amount currency="USD">0</Amount>
        </Balance> 
        <Balance>
          <BalanceType>IYTD</BalanceType>
          <Amount currency="USD">0</Amount>
        </Balance> 
        <Cust>
          <Cif>11001</Cif>
          <Role>1</Role>
          <Name>Lily Munster</Name>
        </Cust> 
        <Interest>
          <Desc>IRN</Desc>
          <Rate>2.22</Rate>
        </Interest> 
        <Interest>
          <Desc>IRO</Desc>
          <Rate>2.22</Rate>
        </Interest> 
        <Interest>
          <Desc>APY</Desc>
          <Rate>2.243</Rate>
        </Interest> 
        <Event>
          <Desc lang="en-US">MDT</Desc>
          <Date>2005-08-10</Date>
        </Event> 
        <Event>
          <Desc lang="en-US">ODT</Desc>
          <Date>2003-04-13</Date>
        </Event> 
      </Summary> 
      <Summary>
        <DetailLevel>3</DetailLevel>
        <AccountNo>123458760</AccountNo>
        <Type>3000</Type>
        <TypeGroup>SAV</TypeGroup>
        <TypeClass>deposit</TypeClass>
        <NickName>Lily Munster</NickName>
        <CostCenter>0</CostCenter>
        <Status>open</Status>
        <Balance>
          <BalanceType>ACR</BalanceType>
          <Amount currency="USD">0.05751</Amount>
        </Balance> 
        <Balance>
          <BalanceType>AVAIL</BalanceType>
          <BalanceDisplayGroup>available</BalanceDisplayGroup>
          <Amount currency="USD">68</Amount>
        </Balance> 
        <Balance>
          <BalanceType>BAL</BalanceType>
          <BalanceDisplayGroup>balance</BalanceDisplayGroup>
          <Amount currency="USD">68</Amount>
        </Balance> 
        <Balance>
          <BalanceType>HOLD</BalanceType>
          <Amount currency="USD">0</Amount>
        </Balance> 
        <Balance>
          <BalanceType>IPY</BalanceType>
          <Amount currency="USD">0</Amount>
        </Balance> 
        <Balance>
          <BalanceType>IYTD</BalanceType>
          <Amount currency="USD">0</Amount>
        </Balance> 
        <Cust>
          <Cif>11001</Cif>
          <Role>1</Role>
          <Name>Lily Munster</Name>
        </Cust> 
        <Cust>
          <Cif>11002</Cif>
          <Role>2</Role>
          <Name>Ingersol Pandarinathan</Name>
        </Cust> 
        <Interest>
          <Desc>IRN</Desc>
          <Rate>2.22</Rate>
        </Interest> 
        <Interest>
          <Desc>IRO</Desc>
          <Rate>2.22</Rate>
        </Interest> 
        <Interest>
          <Desc>APY</Desc>
          <Rate>2.243</Rate>
        </Interest> 
        <Event>
          <Desc lang="en-US">MDT</Desc>
          <Date>2005-08-10</Date>
        </Event> 
        <Event>
          <Desc lang="en-US">ODT</Desc>
          <Date>2003-04-13</Date>
        </Event> 
      </Summary> 
      <Summary>
        <DetailLevel>3</DetailLevel>
        <AccountNo>123473147</AccountNo>
        <Type>3000</Type>
        <TypeGroup>SAV</TypeGroup>
        <TypeClass>deposit</TypeClass>
        <NickName>My Joint</NickName>
        <CostCenter>0</CostCenter>
        <Status>open</Status>
        <Balance>
          <BalanceType>ACR</BalanceType>
          <Amount currency="USD">0.00268</Amount>
        </Balance> 
        <Balance>
          <BalanceType>AVAIL</BalanceType>
          <BalanceDisplayGroup>available</BalanceDisplayGroup>
          <Amount currency="USD">22</Amount>
        </Balance> 
        <Balance>
          <BalanceType>BAL</BalanceType>
          <BalanceDisplayGroup>balance</BalanceDisplayGroup>
          <Amount currency="USD">22</Amount>
        </Balance> 
        <Balance>
          <BalanceType>HOLD</BalanceType>
          <Amount currency="USD">0</Amount>
        </Balance> 
        <Balance>
          <BalanceType>IPY</BalanceType>
          <Amount currency="USD">0</Amount>
        </Balance> 
        <Balance>
          <BalanceType>IYTD</BalanceType>
          <Amount currency="USD">0</Amount>
        </Balance> 
        <Cust>
          <Cif>11001</Cif>
          <Role>1</Role>
          <Name>Lily Munster</Name>
        </Cust> 
        <Cust>
          <Cif>11002</Cif>
          <Role>2</Role>
          <Name>Ingersol Pandarinathan</Name>
        </Cust> 
        <Interest>
          <Desc>IRN</Desc>
          <Rate>2.22</Rate>
        </Interest> 
        <Interest>
          <Desc>IRO</Desc>
          <Rate>2.22</Rate>
        </Interest> 
        <Interest>
          <Desc>APY</Desc>
          <Rate>2.243</Rate>
        </Interest> 
        <Event>
          <Desc lang="en-US">MDT</Desc>
          <Date>2005-08-10</Date>
        </Event> 
        <Event>
          <Desc lang="en-US">ODT</Desc>
          <Date>2003-04-22</Date>
        </Event> 
      </Summary> 
    </Summaries> 
    <History id="summary">
      <ActivityGroupLookup xsi:schemaLocation="urn:gw-activity-100 schema/gw-activity-100.xsd">
        <RequestingCif>11001</RequestingCif>
        <ActivityFilter>summ</ActivityFilter>
        <NominalMaxActivityGroups>4</NominalMaxActivityGroups>
        <Lang>en-US</Lang>
      </ActivityGroupLookup> 
      <ActivityGroupDescList continuationKeyPrevious="-1123266951000" xsi:schemaLocation="urn:gw-activity-100 schema/gw-activity-100.xsd">
        <ActivityGroupDesc ref="A51394">
          <ActivityGroupId>51394</ActivityGroupId>
          <InitialWorkTypeDesc ref="0">Internal</InitialWorkTypeDesc>
          <Created>2005-08-09T16:20:11.000-04:00</Created>
          <LastChanged>2005-08-09T16:20:11.000-04:00</LastChanged>
          <InteractionDesc ref="A56465">
            <InteractionId>56465</InteractionId>
            <OperatorDesc ref="webtop1">SA-1 SassyTest</OperatorDesc>
            <WorkTypeDesc ref="0">Internal</WorkTypeDesc>
            <Created>2005-08-09T16:20:11.000-04:00</Created>
          </InteractionDesc> 
        </ActivityGroupDesc> 
        <ActivityGroupDesc ref="A51393">
          <ActivityGroupId>51393</ActivityGroupId>
          <InitialWorkTypeDesc ref="0">Internal</InitialWorkTypeDesc>
          <Created>2005-08-09T16:16:54.000-04:00</Created>
          <LastChanged>2005-08-09T16:16:54.000-04:00</LastChanged>
          <InteractionDesc ref="A56464">
            <InteractionId>56464</InteractionId>
            <OperatorDesc ref="webtop1">SA-1 SassyTest</OperatorDesc>
            <WorkTypeDesc ref="0">Internal</WorkTypeDesc>
            <Created>2005-08-09T16:16:54.000-04:00</Created>
          </InteractionDesc> 
        </ActivityGroupDesc> 
        <ActivityGroupDesc ref="A51383">
          <ActivityGroupId>51383</ActivityGroupId>
          <InitialWorkTypeDesc ref="0">Internal</InitialWorkTypeDesc>
          <Created>2005-08-09T12:18:25.000-04:00</Created>
          <LastChanged>2005-08-09T12:19:00.000-04:00</LastChanged>
          <InteractionDesc ref="A56449">
            <InteractionId>56449</InteractionId>
            <OperatorDesc ref="webtop1">SA-1 SassyTest</OperatorDesc>
            <WorkTypeDesc ref="0">Internal</WorkTypeDesc>
            <Created>2005-08-09T12:18:25.000-04:00</Created>
            <ActivityDesc>
              <ActivityId>195827</ActivityId>
              <ActivityTypeDesc ref="784">Created star or gripe</ActivityTypeDesc>
              <Time>2005-08-09T12:19:00.000-04:00</Time>
              <RequestingCif>11001</RequestingCif>
              <ShortDescription>Create Star/Gripe</ShortDescription>
              <Description>Created stars or gripe 895.</Description>
              <Reference refNo="1">895</Reference>
              <Reference refNo="2">8266499</Reference>
              <Reference refNo="3">8266498</Reference>
            </ActivityDesc> 
            <ActivityDesc>
              <ActivityId>195828</ActivityId>
              <ActivityTypeDesc ref="4096">Created work item</ActivityTypeDesc>
              <Time>2005-08-09T12:19:00.000-04:00</Time>
              <RequestingCif>11001</RequestingCif>
              <ShortDescription>Create work item</ShortDescription>
              <Description>Created work item 6317.</Description>
              <Reference refNo="1">6317</Reference>
              <Reference refNo="2">36</Reference>
            </ActivityDesc> 
          </InteractionDesc> 
        </ActivityGroupDesc> 
        <ActivityGroupDesc ref="A51300">
          <ActivityGroupId>51300</ActivityGroupId>
          <InitialWorkTypeDesc ref="0">Internal</InitialWorkTypeDesc>
          <Created>2005-08-05T14:35:54.000-04:00</Created>
          <LastChanged>2005-08-05T14:35:54.000-04:00</LastChanged>
          <InteractionDesc ref="A56076">
            <InteractionId>56076</InteractionId>
            <OperatorDesc ref="webtop1">SA-1 SassyTest</OperatorDesc>
            <WorkTypeDesc ref="0">Internal</WorkTypeDesc>
            <Created>2005-08-05T14:35:54.000-04:00</Created>
          </InteractionDesc> 
        </ActivityGroupDesc> 
      </ActivityGroupDescList> 
    </History> 
  </Customer> 
  <StaticData>
    <TypeDescs xsi:schemaLocation="urn:gw-account-100 schema/gw-account-100.xsd">
      <TypeDesc>
        <Type>3500</Type>
        <TypeGroup>CD</TypeGroup>
        <TypeClass>deposit</TypeClass>
        <TypeAbbreviation>OCD</TypeAbbreviation>
        <TypeShortName>CD</TypeShortName>
        <TypeName>Orange CD</TypeName>
        <TypeFullName>Orange Certificate of Deposit</TypeFullName>
        <CurrentOffering>true</CurrentOffering>
        <SubTypeDesc>
          <SubType>24M</SubType>
          <SubTypeName>2 Years</SubTypeName>
          <CurrentOffering>true</CurrentOffering>
          <Interest rateType="nominal">
            <Desc>Rate</Desc>
            <Rate>3.33000</Rate>
          </Interest> 
          <Interest rateType="apr">
            <Desc>APR</Desc>
            <Rate>3.33000</Rate>
          </Interest> 
        </SubTypeDesc> 
        <SubTypeDesc>
          <SubType>12M</SubType>
          <SubTypeName>1 Year</SubTypeName>
          <CurrentOffering>true</CurrentOffering>
          <Interest rateType="nominal">
            <Desc>Rate</Desc>
            <Rate>3.11000</Rate>
          </Interest> 
          <Interest rateType="apr">
            <Desc>APR</Desc>
            <Rate>3.11000</Rate>
          </Interest> 
        </SubTypeDesc> 
        <SubTypeDesc>
          <SubType>60M</SubType>
          <SubTypeName>5 Years</SubTypeName>
          <CurrentOffering>true</CurrentOffering>
          <Interest rateType="nominal">
            <Desc>Rate</Desc>
            <Rate>4.99000</Rate>
          </Interest> 
          <Interest rateType="apr">
            <Desc>APR</Desc>
            <Rate>4.99000</Rate>
          </Interest> 
        </SubTypeDesc> 
        <SubTypeDesc>
          <SubType>6M</SubType>
          <SubTypeName>6 Months</SubTypeName>
          <CurrentOffering>true</CurrentOffering>
          <Interest rateType="nominal">
            <Desc>Rate</Desc>
            <Rate>3.05000</Rate>
          </Interest> 
          <Interest rateType="apr">
            <Desc>APR</Desc>
            <Rate>3.05000</Rate>
          </Interest> 
        </SubTypeDesc> 
        <SubTypeDesc>
          <SubType>48M</SubType>
          <SubTypeName>4 Years</SubTypeName>
          <CurrentOffering>true</CurrentOffering>
          <Interest rateType="nominal">
            <Desc>Rate</Desc>
            <Rate>4.11000</Rate>
          </Interest> 
          <Interest rateType="apr">
            <Desc>APR</Desc>
            <Rate>4.11000</Rate>
          </Interest> 
        </SubTypeDesc> 
        <SubTypeDesc>
          <SubType>36M</SubType>
          <SubTypeName>3 Years</SubTypeName>
          <CurrentOffering>true</CurrentOffering>
          <Interest rateType="nominal">
            <Desc>Rate</Desc>
            <Rate>3.77000</Rate>
          </Interest> 
          <Interest rateType="apr">
            <Desc>APR</Desc>
            <Rate>3.77000</Rate>
          </Interest> 
        </SubTypeDesc> 
        <SubTypeDesc>
          <SubType>18M</SubType>
          <SubTypeName>18 Months</SubTypeName>
          <CurrentOffering>true</CurrentOffering>
          <Interest rateType="nominal">
            <Desc>Rate</Desc>
            <Rate>5.67000</Rate>
          </Interest> 
          <Interest rateType="apr">
            <Desc>APR</Desc>
            <Rate>5.67000</Rate>
          </Interest> 
        </SubTypeDesc> 
        <SubTypeDesc>
          <SubType>9M</SubType>
          <SubTypeName>9 Months</SubTypeName>
          <CurrentOffering>true</CurrentOffering>
          <Interest rateType="nominal">
            <Desc>Rate</Desc>
            <Rate>3.08000</Rate>
          </Interest> 
          <Interest rateType="apr">
            <Desc>APR</Desc>
            <Rate>3.08000</Rate>
          </Interest> 
        </SubTypeDesc> 
        <SubTypeDesc>
          <SubType>30M</SubType>
          <SubTypeName>30 Months</SubTypeName>
          <CurrentOffering>true</CurrentOffering>
          <Interest rateType="nominal">
            <Desc>Rate</Desc>
            <Rate>3.50000</Rate>
          </Interest> 
          <Interest rateType="apr">
            <Desc>APR</Desc>
            <Rate>3.50000</Rate>
          </Interest> 
        </SubTypeDesc> 
        <NoDetail>false</NoDetail>
        <NoHistory>false</NoHistory>
        <NoDeposits>false</NoDeposits>
        <NoWithdrawals>false</NoWithdrawals>
      </TypeDesc> 
      <TypeDesc>
        <Type>4000</Type>
        <TypeGroup>DDA</TypeGroup>
        <TypeClass>deposit</TypeClass>
        <TypeAbbreviation>OPA</TypeAbbreviation>
        <TypeShortName>Checking</TypeShortName>
        <TypeName>Orange Payment Account</TypeName>
        <TypeFullName>Orange Payment (Checking) Account</TypeFullName>
        <CurrentOffering>false</CurrentOffering>
        <NoDetail>false</NoDetail>
        <NoHistory>false</NoHistory>
        <NoDeposits>false</NoDeposits>
        <NoWithdrawals>false</NoWithdrawals>
      </TypeDesc> 
      <TypeDesc>
        <Type>3000</Type>
        <TypeGroup>SAV</TypeGroup>
        <TypeClass>deposit</TypeClass>
        <TypeAbbreviation>OSA</TypeAbbreviation>
        <TypeShortName>Savings</TypeShortName>
        <TypeName>Orange Savings Account</TypeName>
        <TypeFullName>Orange Savings Account</TypeFullName>
        <CurrentOffering>true</CurrentOffering>
        <Interest rateType="nominal">
          <Desc>Rate</Desc>
          <Rate>2.22000</Rate>
        </Interest> 
        <Interest rateType="apr">
          <Desc>APR</Desc>
          <Rate>2.2427</Rate>
        </Interest> 
        <NoDetail>false</NoDetail>
        <NoHistory>false</NoHistory>
        <NoDeposits>false</NoDeposits>
        <NoWithdrawals>false</NoWithdrawals>
      </TypeDesc> 
      <TypeDesc>
        <Type>3100</Type>
        <TypeGroup>SAV</TypeGroup>
        <TypeClass>deposit</TypeClass>
        <TypeAbbreviation>OLTSA</TypeAbbreviation>
        <TypeShortName>Trust Savings</TypeShortName>
        <TypeName>Orange Living Trust Savings Account</TypeName>
        <TypeFullName>Orange Living Trust Savings Account</TypeFullName>
        <CurrentOffering>false</CurrentOffering>
        <NoDetail>false</NoDetail>
        <NoHistory>false</NoHistory>
        <NoDeposits>false</NoDeposits>
        <NoWithdrawals>false</NoWithdrawals>
      </TypeDesc> 
      <TypeDesc>
        <Type>7200</Type>
        <TypeGroup>MTG</TypeGroup>
        <TypeClass>loan</TypeClass>
        <TypeAbbreviation>OMA</TypeAbbreviation>
        <TypeShortName>Mortgage</TypeShortName>
        <TypeName>Orange Mortgage</TypeName>
        <TypeFullName>Orange Mortgage Account</TypeFullName>
        <CurrentOffering>true</CurrentOffering>
        <SubTypeDesc>
          <SubType>5</SubType>
          <SubTypeName>5/1</SubTypeName>
          <CurrentOffering>true</CurrentOffering>
        </SubTypeDesc> 
        <SubTypeDesc>
          <SubType>3</SubType>
          <SubTypeName>3/1</SubTypeName>
          <CurrentOffering>true</CurrentOffering>
        </SubTypeDesc> 
        <SubTypeDesc>
          <SubType>1</SubType>
          <SubTypeName>1/1</SubTypeName>
          <CurrentOffering>false</CurrentOffering>
        </SubTypeDesc> 
        <SubTypeDesc>
          <SubType>7</SubType>
          <SubTypeName>7/1</SubTypeName>
          <CurrentOffering>true</CurrentOffering>
        </SubTypeDesc> 
        <NoDetail>false</NoDetail>
        <NoHistory>false</NoHistory>
        <NoDeposits>false</NoDeposits>
        <NoWithdrawals>true</NoWithdrawals>
        <RateSpread>0</RateSpread>
        <RateSpread>0.50</RateSpread>
        <RateSpread>0.75</RateSpread>
        <RateSpread>1</RateSpread>
      </TypeDesc> 
      <TypeDesc>
        <Type>7100</Type>
        <TypeGroup>MTG</TypeGroup>
        <TypeClass>loan</TypeClass>
        <TypeAbbreviation>OHELoC</TypeAbbreviation>
        <TypeShortName>Home Equity</TypeShortName>
        <TypeName>Orange Home Equity</TypeName>
        <TypeFullName>Orange Home Equity Line of Credit</TypeFullName>
        <CurrentOffering>true</CurrentOffering>
        <SubTypeDesc>
          <SubType>1</SubType>
          <SubTypeName>Adjustable</SubTypeName>
          <CurrentOffering>true</CurrentOffering>
        </SubTypeDesc> 
        <NoDetail>false</NoDetail>
        <NoHistory>false</NoHistory>
        <NoDeposits>false</NoDeposits>
        <NoWithdrawals>false</NoWithdrawals>
      </TypeDesc> 
      <TypeDesc>
        <Type>90001</Type>
        <TypeGroup>MTG</TypeGroup>
        <TypeClass>loan</TypeClass>
        <TypeAbbreviation>DMIMort</TypeAbbreviation>
        <TypeShortName>DMI Mortgage</TypeShortName>
        <TypeName>DMI Mortgage</TypeName>
        <TypeFullName>DMI Mortgage</TypeFullName>
        <CurrentOffering>false</CurrentOffering>
        <NoDetail>false</NoDetail>
        <NoHistory>true</NoHistory>
        <NoDeposits>true</NoDeposits>
        <NoWithdrawals>true</NoWithdrawals>
      </TypeDesc> 
      <TypeDesc>
        <Type>9997</Type>
        <TypeGroup>MTG</TypeGroup>
        <TypeClass>loan</TypeClass>
        <TypeAbbreviation>FRM</TypeAbbreviation>
        <TypeShortName>Comparison Mortgage</TypeShortName>
        <TypeName>Comparison Fixed Rate Mortgage</TypeName>
        <TypeFullName>Comparison Fixed Rate Mortgage</TypeFullName>
        <CurrentOffering>false</CurrentOffering>
        <SubTypeDesc>
          <SubType>1</SubType>
          <SubTypeName>Comparison</SubTypeName>
          <CurrentOffering>false</CurrentOffering>
        </SubTypeDesc> 
        <NoDetail>false</NoDetail>
        <NoHistory>true</NoHistory>
        <NoDeposits>true</NoDeposits>
        <NoWithdrawals>true</NoWithdrawals>
      </TypeDesc> 
      <TypeDesc>
        <Type>6000</Type>
        <TypeGroup>RC</TypeGroup>
        <TypeClass>loan</TypeClass>
        <TypeAbbreviation>OLA</TypeAbbreviation>
        <TypeShortName>Loan</TypeShortName>
        <TypeName>Orange Loan Account</TypeName>
        <TypeFullName>Orange Loan Account</TypeFullName>
        <CurrentOffering>false</CurrentOffering>
        <NoDetail>false</NoDetail>
        <NoHistory>false</NoHistory>
        <NoDeposits>false</NoDeposits>
        <NoWithdrawals>false</NoWithdrawals>
      </TypeDesc> 
      <TypeDesc>
        <Type>6500</Type>
        <TypeGroup>RC</TypeGroup>
        <TypeClass>loan</TypeClass>
        <TypeAbbreviation>OLA</TypeAbbreviation>
        <TypeShortName>Loan</TypeShortName>
        <TypeName>Orange HELOC</TypeName>
        <TypeFullName>Orange Home Equity Line of Credit - 2</TypeFullName>
        <CurrentOffering>false</CurrentOffering>
        <NoDetail>false</NoDetail>
        <NoHistory>false</NoHistory>
        <NoDeposits>false</NoDeposits>
        <NoWithdrawals>false</NoWithdrawals>
      </TypeDesc> 
      <TypeDesc>
        <Type>90002</Type>
        <TypeGroup>MUT</TypeGroup>
        <TypeClass>deposit</TypeClass>
        <TypeAbbreviation>MutFund</TypeAbbreviation>
        <TypeShortName>Mutual Fund</TypeShortName>
        <TypeName>Mutual Fund</TypeName>
        <TypeFullName>Mutual Fund</TypeFullName>
        <CurrentOffering>false</CurrentOffering>
        <NoDetail>true</NoDetail>
        <NoHistory>true</NoHistory>
        <NoDeposits>true</NoDeposits>
        <NoWithdrawals>true</NoWithdrawals>
      </TypeDesc> 
    </TypeDescs> 
    <Webtop>
      <CacheList xsi:schemaLocation="urn:gw-system-100 schema/gw-system-100.xsd">
        <SimpleCache>
          <CacheName>Account Types</CacheName>
          <LastFullRefresh>2005-08-10T08:45:10.381-04:00</LastFullRefresh>
        </SimpleCache> 
        <SimpleCache>
          <CacheName>WrapupOptionsCache</CacheName>
          <LastFullRefresh>2005-08-08T11:56:12.831-04:00</LastFullRefresh>
        </SimpleCache> 
        <SimpleCache>
          <CacheName>CalcPolicySourceCache</CacheName>
          <LastFullRefresh>2005-08-09T10:35:33.999-04:00</LastFullRefresh>
          <RefreshInterval>300000</RefreshInterval>
        </SimpleCache> 
        <SimpleCache>
          <CacheName>Non-Business Days</CacheName>
          <LastFullRefresh>2005-08-08T11:56:12.831-04:00</LastFullRefresh>
        </SimpleCache> 
        <SimpleCache>
          <CacheName>ObjRolesCache</CacheName>
          <LastFullRefresh>2005-08-08T11:56:12.847-04:00</LastFullRefresh>
        </SimpleCache> 
        <SimpleCache>
          <CacheName>AlertMessagesCache</CacheName>
          <LastFullRefresh>2005-08-08T11:56:12.847-04:00</LastFullRefresh>
        </SimpleCache> 
        <SimpleCache>
          <CacheName>Cust Enum Relations</CacheName>
          <LastFullRefresh>2005-08-08T11:56:12.847-04:00</LastFullRefresh>
        </SimpleCache> 
        <SimpleCache>
          <CacheName>Account Free Bonuses</CacheName>
          <LastFullRefresh>2005-08-08T11:56:12.847-04:00</LastFullRefresh>
        </SimpleCache> 
        <SimpleCache>
          <CacheName>System Telephone Numbers</CacheName>
          <LastFullRefresh>2005-08-08T11:56:12.831-04:00</LastFullRefresh>
        </SimpleCache> 
      </CacheList> 
    </Webtop> 
  </StaticData> 
</Session> 
