<?xml version="1.0" encoding="UTF-8"?>
<configuration>
 <consolePlugin port="4322" />

 <appender class="ch.qos.logback.core.ConsoleAppender" name="RootConsoleAppender">
   <filter class="ch.qos.logback.classic.filter.ThresholdFilter">
     <level>error</level>
   </filter>
   <layout class="ch.qos.logback.classic.PatternLayout">
     <pattern>%d{yyyy-MM-dd HH:mm:ss},%p,%c,%t,%L,%C{1},%M %m%n</pattern>
   </layout>
 </appender>
 <root>
   <level value="error"/>
   <appender-ref ref="RootConsoleAppender"/>
 </root>
</configuration>
					