<!DOCTYPE beans PUBLIC "-//SPRING//DTD BEAN//EN" "http://www.springframework.org/dtd/spring-beans.dtd">
<beans default-lazy-init="true">

  <bean id="SimpleElement_ZERO" class="com.ingdirect.util.xml.SimpleElement">
    <constructor-arg type="java.lang.String"><value>0</value></constructor-arg>
  </bean>
  <bean id="SimpleElement_ONE"  class="com.ingdirect.util.xml.SimpleElement">
    <constructor-arg type="java.lang.String"><value>1</value></constructor-arg>
  </bean>
  <!-- SimpleElement_EMPTY is used in the REF questions as placeholder for the PUR questions in that state. Otherwise ernst returns errors, if just the PUR questions are supplied -->
  <bean id="SimpleElement_EMPTY"  class="com.ingdirect.util.xml.SimpleElement">
    <constructor-arg type="java.lang.String"><value></value></constructor-arg>
  </bean>

  <!-- for states with no specific questions -->
  <bean id="GenericStateQuestions" class="com.ingdirect.dg.loan.data.StateQuestions">
  </bean>

  <bean id="ALQuestionsPUR" class="com.ingdirect.dg.loan.data.StateQuestions">
    <property name="q4"><ref local="SimpleElement_ONE"/></property>
  </bean>
  <bean id="CAQuestionsPUR" class="com.ingdirect.dg.loan.data.StateQuestions">
    <property name="q4"><ref local="SimpleElement_ZERO"/></property>
    <property name="q11"><ref local="SimpleElement_ZERO"/></property>
  </bean>
  <bean id="CTQuestionsPUR" class="com.ingdirect.dg.loan.data.StateQuestions">
    <property name="q4"><ref local="SimpleElement_ONE"/></property>
  </bean>
  <bean id="DCQuestionsPUR" class="com.ingdirect.dg.loan.data.StateQuestions">
    <property name="q1"><ref local="SimpleElement_ONE"/></property>
    <property name="q4"><ref local="SimpleElement_ZERO"/></property>
    <property name="q6"><ref local="SimpleElement_ONE"/></property>
    <property name="q10"><ref local="SimpleElement_ONE"/></property>
  </bean>
  <bean id="DEQuestionsPUR" class="com.ingdirect.dg.loan.data.StateQuestions">
    <property name="q4"><ref local="SimpleElement_ZERO"/></property>
  </bean>
  <bean id="FLQuestionsPUR" class="com.ingdirect.dg.loan.data.StateQuestions">
    <property name="q4"><ref local="SimpleElement_ONE"/></property>
  </bean>
  <bean id="GAQuestionsPUR" class="com.ingdirect.dg.loan.data.StateQuestions">
    <property name="q2"><ref local="SimpleElement_ZERO"/></property>
  </bean>
  <bean id="HIQuestionsPUR" class="com.ingdirect.dg.loan.data.StateQuestions">
    <property name="q4"><ref local="SimpleElement_ZERO"/></property>
  </bean>
  <bean id="LAQuestionsPUR" class="com.ingdirect.dg.loan.data.StateQuestions">
    <property name="q1"><ref local="SimpleElement_ZERO"/></property>
  </bean>
  <bean id="MDQuestionsPUR" class="com.ingdirect.dg.loan.data.StateQuestions">
    <property name="q2"><ref local="SimpleElement_ZERO"/></property>
    <property name="q4"><ref local="SimpleElement_ZERO"/></property>
    <property name="q5"><ref local="SimpleElement_ONE"/></property>
    <property name="q6"><ref local="SimpleElement_ONE"/></property>
    <property name="q10"><ref local="SimpleElement_ONE"/></property>
    <property name="q12"><ref local="SimpleElement_ZERO"/></property>
    <property name="q17"><ref local="SimpleElement_ONE"/></property>
  </bean>
  <bean id="MNQuestionsPUR" class="com.ingdirect.dg.loan.data.StateQuestions">
    <property name="q4"><ref local="SimpleElement_ONE"/></property>
  </bean>
  <bean id="NJQuestionsPUR" class="com.ingdirect.dg.loan.data.StateQuestions">
    <property name="q4"><ref local="SimpleElement_ZERO"/></property>
  </bean>
  <bean singleton="false" id="NYQuestionsPUR" class="com.ingdirect.dg.loan.data.NYQuestionsPUR">
    <property name="q1"><ref local="SimpleElement_ONE"/></property>
    <property name="q2"><ref local="SimpleElement_ZERO"/></property>
    <property name="q4"><ref local="SimpleElement_ONE"/></property>
    <property name="q5"><ref local="SimpleElement_ZERO"/></property>
    <!-- q6 set at runtime dependent on property value, this is the reason bean is not singleton -->
    <property name="v1">
      <bean class="com.ingdirect.util.xml.SimpleElement">
	<constructor-arg index="0"><value>100</value></constructor-arg>
      </bean>
    </property>
  </bean>
  <bean id="VTQuestionsPUR" class="com.ingdirect.dg.loan.data.StateQuestions">
    <property name="q4"><ref local="SimpleElement_ONE"/></property>
  </bean>

  <bean id="ALQuestionsREF" class="com.ingdirect.dg.loan.data.StateQuestions">
    <property name="q1"><ref local="SimpleElement_ZERO"/></property>
    <property name="q2"><ref local="SimpleElement_ZERO"/></property>
    <property name="q3"><ref local="SimpleElement_ZERO"/></property>
  </bean>
  <bean id="CAQuestionsREF" class="com.ingdirect.dg.loan.data.StateQuestions">
    <property name="q4"><ref local="SimpleElement_EMPTY"/></property>
    <property name="q11"><ref local="SimpleElement_ZERO"/></property>
  </bean>
  <bean id="DCQuestionsREF" class="com.ingdirect.dg.loan.data.StateQuestions">
    <property name="q1"><ref local="SimpleElement_ONE"/></property>
    <property name="q4"><ref local="SimpleElement_EMPTY"/></property>
    <property name="q6"><ref local="SimpleElement_EMPTY"/></property>
    <property name="q10"><ref local="SimpleElement_EMPTY"/></property>
  </bean>
  <bean id="FLQuestionsREF" class="com.ingdirect.dg.loan.data.StateQuestions">
    <property name="q1"><ref local="SimpleElement_ZERO"/></property>
    <property name="q2"><ref local="SimpleElement_ZERO"/></property>
  </bean>
  <bean id="GAQuestionsREF" class="com.ingdirect.dg.loan.data.StateQuestions">
    <property name="q1"><ref local="SimpleElement_ZERO"/></property>
    <property name="q2"><ref local="SimpleElement_EMPTY"/></property>
  </bean>
  <bean id="KSQuestionsREF" class="com.ingdirect.dg.loan.data.StateQuestions">
    <property name="q1"><ref local="SimpleElement_ZERO"/></property>
    <property name="q2"><ref local="SimpleElement_ZERO"/></property>
  </bean>
  <bean id="MDQuestionsREF" class="com.ingdirect.dg.loan.data.StateQuestions">
    <property name="q2"><ref local="SimpleElement_EMPTY"/></property>
    <property name="q3"><ref local="SimpleElement_ZERO"/></property>
    <property name="q4"><ref local="SimpleElement_EMPTY"/></property>
    <property name="q5"><ref local="SimpleElement_EMPTY"/></property>
    <property name="q6"><ref local="SimpleElement_EMPTY"/></property>
    <property name="q7"><ref local="SimpleElement_ONE"/></property>
    <property name="q8"><ref local="SimpleElement_ZERO"/></property>
    <property name="q10"><ref local="SimpleElement_ONE"/></property>
    <property name="q11"><ref local="SimpleElement_ONE"/></property>
    <property name="q12"><ref local="SimpleElement_ZERO"/></property>
    <property name="q17"><ref local="SimpleElement_EMPTY"/></property>
  </bean>
  <bean id="MNQuestionsREF" class="com.ingdirect.dg.loan.data.StateQuestions">
    <property name="q1"><ref local="SimpleElement_ZERO"/></property>
    <property name="q4"><ref local="SimpleElement_EMPTY"/></property>
  </bean>
  <bean id="NYQuestionsREF" class="com.ingdirect.dg.loan.data.StateQuestions">
    <property name="q3"><ref local="SimpleElement_ZERO"/></property>
    <property name="q7"><ref local="SimpleElement_ZERO"/></property>
    <property name="q8"><ref local="SimpleElement_ZERO"/></property>

    <property name="q1"><ref local="SimpleElement_EMPTY"/></property>
    <property name="q2"><ref local="SimpleElement_EMPTY"/></property>
    <property name="q4"><ref local="SimpleElement_EMPTY"/></property>
    <property name="q5"><ref local="SimpleElement_EMPTY"/></property>
  </bean>
  <bean id="OKQuestionsREF" class="com.ingdirect.dg.loan.data.StateQuestions">
    <property name="q1"><ref local="SimpleElement_ZERO"/></property>
  </bean>
  <bean id="TNQuestionsREF" class="com.ingdirect.dg.loan.data.StateQuestions">
    <property name="q1"><ref local="SimpleElement_ZERO"/></property>
  </bean>
  <bean id="VAQuestionsREF" class="com.ingdirect.dg.loan.data.StateQuestions">
    <property name="q1"><ref local="SimpleElement_ZERO"/></property>
    <property name="q2"><ref local="SimpleElement_ZERO"/></property>
    <property name="q3"><ref local="SimpleElement_ZERO"/></property>
  </bean>
</beans>
