<?xml version="1.0" encoding="ISO-8859-1" ?>
<configuration>
	<header>
		<result forceReloadCheck="true" />
	</header>
	<override>
		<system />
		<!-- Common eAPI Properties to be loaded first -->
		<properties
            fileName="${epf.config.root}/app-common-config/encryption.properties"
            listDelimiter="|">
            <reloadingStrategy refreshDelay="10000"
                config-class="org.apache.commons.configuration.reloading.FileChangedReloadingStrategy" />
        </properties>
		
		<!-- Now the common app properties -->
		<properties
			fileName="${epf.config.root}/deposit-account-card-fraud-exclusion-app/environment/${epf.config.env}/app-${epf.config.env}.properties"
			listDelimiter="|">
			<reloadingStrategy refreshDelay="10000"
				config-class="org.apache.commons.configuration.reloading.FileChangedReloadingStrategy" />
		</properties>
		<properties
			fileName="${epf.config.root}/deposit-account-card-fraud-exclusion-app/deposit-account-card-fraud-exclusion-app.properties"
			listDelimiter="|">
			<reloadingStrategy refreshDelay="300000"
				config-class="org.apache.commons.configuration.reloading.FileChangedReloadingStrategy" />
		</properties>
		<!-- Added as a new property file so it's easier to manage. Please note that this file has lowest priority 
		     so if you define same property in "deposit-account-card-fraud-exclusion-app.properties" or "app-<env>.properties that will take precedence  -->
		<properties
			fileName="${epf.config.root}/deposit-account-card-fraud-exclusion-app/error-action-mappings.properties"
			listDelimiter="|" >
			<reloadingStrategy refreshDelay="300000"
				config-class="org.apache.commons.configuration.reloading.FileChangedReloadingStrategy" />
		</properties>
		
		<!-- Common eAPI Properties to be loaded last as they contain the defaults. -->
        <properties
                fileName="${epf.config.root}/app-common-config/eapi-common.properties"
                listDelimiter="|">
            <reloadingStrategy refreshDelay="10000"
                               config-class="org.apache.commons.configuration.reloading.FileChangedReloadingStrategy" />
        </properties>
	</override>
</configuration>
