<?xml version="1.0" encoding="UTF-8"?>
<beans xmlns="http://www.springframework.org/schema/beans"
	xmlns:xsi="http://www.w3.org/2001/XMLSchema-instance" xmlns:context="http://www.springframework.org/schema/context"
	xsi:schemaLocation="http://www.springframework.org/schema/beans http://www.springframework.org/schema/beans/spring-beans-4.0.xsd
                           http://www.springframework.org/schema/context http://www.springframework.org/schema/context/spring-context-4.0.xsd">

	<!-- component scan for EPF @Configuration -->
	<context:component-scan base-package="com.capitalone.epf"
		use-default-filters="false">
		<context:include-filter type="annotation"
			expression="org.springframework.context.annotation.Configuration" />
	</context:component-scan>

	<context:component-scan base-package="com.capitalone.api"
		use-default-filters="false">
		<context:include-filter type="annotation"
			expression="org.springframework.context.annotation.Configuration" />
	</context:component-scan>
	
	<context:component-scan base-package="com.capitalone.api.card"
		use-default-filters="false">
		<context:include-filter type="annotation"
			expression="org.springframework.context.annotation.Configuration" />
	</context:component-scan>

</beans>
