<?xml version="1.0" encoding="UTF-8"?>
<application xmlns:xsi="http://www.w3.org/2001/XMLSchema-instance" xmlns="http://java.sun.com/xml/ns/javaee" xmlns:application="http://java.sun.com/xml/ns/javaee/application_5.xsd" xsi:schemaLocation="http://java.sun.com/xml/ns/javaee http://java.sun.com/xml/ns/javaee/application_5.xsd" version="5">
  <display-name>deposit-account-card-fraud-exclusion-app</display-name>
  <module>
    <web>
      <web-uri>deposit-account-card-fraud-exclusion-web.war</web-uri>
      <context-root>deposit-account-card-fraud-exclusion</context-root>
    </web>
  </module>
</application>