<?xml version="1.0" encoding="UTF-8"?>
<wls:weblogic-web-app xmlns:wls="http://www.bea.com/ns/weblogic/weblogic-web-app"
	xmlns:xsi="http://www.w3.org/2001/XMLSchema-instance"
	xsi:schemaLocation="http://java.sun.com/xml/ns/javaee 
http://java.sun.com/xml/ns/javaee/web-app_2_5.xsd 
http://www.bea.com/ns/weblogic/weblogic-web-app 
http://www.bea.com/ns/weblogic/weblogic-web-app/1.0/weblogic-web-app.xsd">
	<wls:weblogic-version>10.3</wls:weblogic-version>
	<wls:context-root>deposit-account-card-fraud-exclusion</wls:context-root>
	<wls:security-role-assignment>
		<wls:role-name>RTMSecurityRole</wls:role-name>
		<wls:principal-name>SSLTesting</wls:principal-name>
	</wls:security-role-assignment>
	<wls:wl-dispatch-policy>ApiDispatchWM</wls:wl-dispatch-policy>
</wls:weblogic-web-app>